"","team","season","pts_pct"
"1","NYR","2023-24",0.691
"2","NYR","2022-23",0.652
"3","NYR","2021-22",0.671
"4","NYR","2020-21",0.536
"5","NYR","2019-20",0.564
"6","NYR","2018-19",0.476
"7","NYR","2017-18",0.47
"8","NYR","2016-17",0.622
"9","NYR","2015-16",0.616
"10","NYR","2014-15",0.689
"11","NYR","2013-14",0.585
"12","NYR","2012-13",0.583
"13","NYR","2011-12",0.665
"14","NYR","2010-11",0.567
"15","NYR","2009-10",0.53
"16","NYR","2008-09",0.579
"17","NYR","2007-08",0.591
"18","NYR","2006-07",0.573
"19","NYR","2005-06",0.61
"20","NYR","2003-04",0.421
"21","NYR","2002-03",0.476
"22","NYR","2001-02",0.488
"23","NYR","2000-01",0.439
"24","NYR","1999-00",0.445
"25","NYR","1998-99",0.47
"26","NYR","1997-98",0.415
"27","NYR","1996-97",0.524
"28","NYR","1995-96",0.585
"29","NYR","1994-95",0.49
"30","NYR","1993-94",0.667
"31","NYR","1992-93",0.47
"32","NYR","1991-92",0.656
"33","NYR","1990-91",0.531
"34","NYR","1989-90",0.531
"35","NYR","1988-89",0.513
"36","NYR","1987-88",0.513
"37","NYR","1986-87",0.475
"38","NYR","1985-86",0.488
"39","NYR","1984-85",0.388
"40","NYR","1983-84",0.581
"41","NYR","1982-83",0.5
"42","NYR","1981-82",0.575
"43","NYR","1980-81",0.463
"44","NYR","1979-80",0.538
"45","NYR","1978-79",0.569
"46","NYR","1977-78",0.456
"47","NYR","1976-77",0.45
"48","NYR","1975-76",0.419
"49","NYR","1974-75",0.55
"50","NYR","1973-74",0.603
"51","CAR","2023-24",0.662
"52","CAR","2022-23",0.689
"53","CAR","2021-22",0.707
"54","CAR","2020-21",0.714
"55","CAR","2019-20",0.596
"56","CAR","2018-19",0.604
"57","CAR","2017-18",0.506
"58","CAR","2016-17",0.53
"59","CAR","2015-16",0.524
"60","CAR","2014-15",0.433
"61","CAR","2013-14",0.506
"62","CAR","2012-13",0.438
"63","CAR","2011-12",0.5
"64","CAR","2010-11",0.555
"65","CAR","2009-10",0.488
"66","CAR","2008-09",0.591
"67","CAR","2007-08",0.561
"68","CAR","2006-07",0.537
"69","CAR","2005-06",0.683
"70","CAR","2003-04",0.463
"71","CAR","2002-03",0.372
"72","CAR","2001-02",0.555
"73","CAR","2000-01",0.537
"74","CAR","1999-00",0.512
"75","CAR","1998-99",0.524
"76","CAR","1997-98",0.451
"77",NA,"1996-97",0.457
"78",NA,"1995-96",0.47
"79",NA,"1994-95",0.448
"80",NA,"1993-94",0.375
"81",NA,"1992-93",0.345
"82",NA,"1991-92",0.406
"83",NA,"1990-91",0.456
"84",NA,"1989-90",0.531
"85",NA,"1988-89",0.494
"86",NA,"1987-88",0.481
"87",NA,"1986-87",0.581
"88",NA,"1985-86",0.525
"89",NA,"1984-85",0.431
"90",NA,"1983-84",0.413
"91",NA,"1982-83",0.281
"92",NA,"1981-82",0.375
"93",NA,"1980-81",0.375
"94",NA,"1979-80",0.456
"95","PHI","2023-24",0.559
"96","PHI","2022-23",0.457
"97","PHI","2021-22",0.372
"98","PHI","2020-21",0.518
"99","PHI","2019-20",0.645
"100","PHI","2018-19",0.5
"101","PHI","2017-18",0.598
"102","PHI","2016-17",0.537
"103","PHI","2015-16",0.585
"104","PHI","2014-15",0.512
"105","PHI","2013-14",0.573
"106","PHI","2012-13",0.51
"107","PHI","2011-12",0.628
"108","PHI","2010-11",0.646
"109","PHI","2009-10",0.537
"110","PHI","2008-09",0.604
"111","PHI","2007-08",0.579
"112","PHI","2006-07",0.341
"113","PHI","2005-06",0.616
"114","PHI","2003-04",0.616
"115","PHI","2002-03",0.652
"116","PHI","2001-02",0.591
"117","PHI","2000-01",0.61
"118","PHI","1999-00",0.64
"119","PHI","1998-99",0.567
"120","PHI","1997-98",0.579
"121","PHI","1996-97",0.628
"122","PHI","1995-96",0.628
"123","PHI","1994-95",0.625
"124","PHI","1993-94",0.476
"125","PHI","1992-93",0.494
"126","PHI","1991-92",0.469
"127","PHI","1990-91",0.475
"128","PHI","1989-90",0.444
"129","PHI","1988-89",0.5
"130","PHI","1987-88",0.531
"131","PHI","1986-87",0.625
"132","PHI","1985-86",0.688
"133","PHI","1984-85",0.706
"134","PHI","1983-84",0.613
"135","PHI","1982-83",0.663
"136","PHI","1981-82",0.544
"137","PHI","1980-81",0.606
"138","PHI","1979-80",0.725
"139","PHI","1978-79",0.594
"140","PHI","1977-78",0.656
"141","PHI","1976-77",0.7
"142","PHI","1975-76",0.738
"143","PHI","1974-75",0.706
"144","PHI","1973-74",0.718
"145","WSH","2023-24",0.553
"146","WSH","2022-23",0.488
"147","WSH","2021-22",0.61
"148","WSH","2020-21",0.688
"149","WSH","2019-20",0.652
"150","WSH","2018-19",0.634
"151","WSH","2017-18",0.64
"152","WSH","2016-17",0.72
"153","WSH","2015-16",0.732
"154","WSH","2014-15",0.616
"155","WSH","2013-14",0.549
"156","WSH","2012-13",0.594
"157","WSH","2011-12",0.561
"158","WSH","2010-11",0.652
"159","WSH","2009-10",0.738
"160","WSH","2008-09",0.659
"161","WSH","2007-08",0.573
"162","WSH","2006-07",0.427
"163","WSH","2005-06",0.427
"164","WSH","2003-04",0.36
"165","WSH","2002-03",0.561
"166","WSH","2001-02",0.518
"167","WSH","2000-01",0.585
"168","WSH","1999-00",0.622
"169","WSH","1998-99",0.415
"170","WSH","1997-98",0.561
"171","WSH","1996-97",0.457
"172","WSH","1995-96",0.543
"173","WSH","1994-95",0.542
"174","WSH","1993-94",0.524
"175","WSH","1992-93",0.554
"176","WSH","1991-92",0.613
"177","WSH","1990-91",0.506
"178","WSH","1989-90",0.488
"179","WSH","1988-89",0.575
"180","WSH","1987-88",0.531
"181","WSH","1986-87",0.538
"182","WSH","1985-86",0.669
"183","WSH","1984-85",0.631
"184","WSH","1983-84",0.631
"185","WSH","1982-83",0.588
"186","WSH","1981-82",0.406
"187","WSH","1980-81",0.438
"188","WSH","1979-80",0.419
"189","WSH","1978-79",0.394
"190","WSH","1977-78",0.3
"191","WSH","1976-77",0.388
"192","WSH","1975-76",0.2
"193","WSH","1974-75",0.131
"194","NYI","2023-24",0.545
"195","NYI","2022-23",0.567
"196","NYI","2021-22",0.512
"197","NYI","2020-21",0.634
"198","NYI","2019-20",0.588
"199","NYI","2018-19",0.628
"200","NYI","2017-18",0.488
"201","NYI","2016-17",0.573
"202","NYI","2015-16",0.61
"203","NYI","2014-15",0.616
"204","NYI","2013-14",0.482
"205","NYI","2012-13",0.573
"206","NYI","2011-12",0.482
"207","NYI","2010-11",0.445
"208","NYI","2009-10",0.482
"209","NYI","2008-09",0.372
"210","NYI","2007-08",0.482
"211","NYI","2006-07",0.561
"212","NYI","2005-06",0.476
"213","NYI","2003-04",0.555
"214","NYI","2002-03",0.506
"215","NYI","2001-02",0.585
"216","NYI","2000-01",0.317
"217","NYI","1999-00",0.354
"218","NYI","1998-99",0.354
"219","NYI","1997-98",0.433
"220","NYI","1996-97",0.427
"221","NYI","1995-96",0.329
"222","NYI","1994-95",0.365
"223","NYI","1993-94",0.5
"224","NYI","1992-93",0.518
"225","NYI","1991-92",0.494
"226","NYI","1990-91",0.375
"227","NYI","1989-90",0.456
"228","NYI","1988-89",0.381
"229","NYI","1987-88",0.55
"230","NYI","1986-87",0.513
"231","NYI","1985-86",0.563
"232","NYI","1984-85",0.538
"233","NYI","1983-84",0.65
"234","NYI","1982-83",0.6
"235","NYI","1981-82",0.738
"236","NYI","1980-81",0.688
"237","NYI","1979-80",0.569
"238","NYI","1978-79",0.725
"239","NYI","1977-78",0.694
"240","NYI","1976-77",0.663
"241","NYI","1975-76",0.631
"242","NYI","1974-75",0.55
"243","NYI","1973-74",0.359
"244","NYI","1972-73",0.192
"245","PIT","2023-24",0.515
"246","PIT","2022-23",0.555
"247","PIT","2021-22",0.628
"248","PIT","2020-21",0.688
"249","PIT","2019-20",0.623
"250","PIT","2018-19",0.61
"251","PIT","2017-18",0.61
"252","PIT","2016-17",0.677
"253","PIT","2015-16",0.634
"254","PIT","2014-15",0.598
"255","PIT","2013-14",0.665
"256","PIT","2012-13",0.75
"257","PIT","2011-12",0.659
"258","PIT","2010-11",0.646
"259","PIT","2009-10",0.616
"260","PIT","2008-09",0.604
"261","PIT","2007-08",0.622
"262","PIT","2006-07",0.64
"263","PIT","2005-06",0.354
"264","PIT","2003-04",0.354
"265","PIT","2002-03",0.396
"266","PIT","2001-02",0.421
"267","PIT","2000-01",0.585
"268","PIT","1999-00",0.537
"269","PIT","1998-99",0.549
"270","PIT","1997-98",0.598
"271","PIT","1996-97",0.512
"272","PIT","1995-96",0.622
"273","PIT","1994-95",0.635
"274","PIT","1993-94",0.601
"275","PIT","1992-93",0.708
"276","PIT","1991-92",0.544
"277","PIT","1990-91",0.55
"278","PIT","1989-90",0.45
"279","PIT","1988-89",0.544
"280","PIT","1987-88",0.506
"281","PIT","1986-87",0.45
"282","PIT","1985-86",0.475
"283","PIT","1984-85",0.331
"284","PIT","1983-84",0.238
"285","PIT","1982-83",0.281
"286","PIT","1981-82",0.469
"287","PIT","1980-81",0.456
"288","PIT","1979-80",0.456
"289","PIT","1978-79",0.531
"290","PIT","1977-78",0.425
"291","PIT","1976-77",0.506
"292","PIT","1975-76",0.513
"293","PIT","1974-75",0.556
"294","PIT","1973-74",0.417
"295","NJD","2023-24",0.5
"296","NJD","2022-23",0.683
"297","NJD","2021-22",0.384
"298","NJD","2020-21",0.402
"299","NJD","2019-20",0.493
"300","NJD","2018-19",0.439
"301","NJD","2017-18",0.591
"302","NJD","2016-17",0.427
"303","NJD","2015-16",0.512
"304","NJD","2014-15",0.476
"305","NJD","2013-14",0.537
"306","NJD","2012-13",0.5
"307","NJD","2011-12",0.622
"308","NJD","2010-11",0.494
"309","NJD","2009-10",0.628
"310","NJD","2008-09",0.646
"311","NJD","2007-08",0.604
"312","NJD","2006-07",0.652
"313","NJD","2005-06",0.616
"314","NJD","2003-04",0.61
"315","NJD","2002-03",0.659
"316","NJD","2001-02",0.579
"317","NJD","2000-01",0.677
"318","NJD","1999-00",0.628
"319","NJD","1998-99",0.64
"320","NJD","1997-98",0.652
"321","NJD","1996-97",0.634
"322","NJD","1995-96",0.524
"323","NJD","1994-95",0.542
"324","NJD","1993-94",0.631
"325","NJD","1992-93",0.518
"326","NJD","1991-92",0.544
"327","NJD","1990-91",0.494
"328","NJD","1989-90",0.519
"329","NJD","1988-89",0.413
"330","NJD","1987-88",0.513
"331","NJD","1986-87",0.4
"332","NJD","1985-86",0.369
"333","NJD","1984-85",0.338
"334","NJD","1983-84",0.256
"335","NJD","1982-83",0.3
"336",NA,"1981-82",0.306
"337",NA,"1980-81",0.356
"338",NA,"1979-80",0.319
"339",NA,"1978-79",0.263
"340",NA,"1977-78",0.369
"341",NA,"1976-77",0.338
"342",NA,"1975-76",0.225
"343",NA,"1974-75",0.256
"344","CBJ","2023-24",0.419
"345","CBJ","2022-23",0.36
"346","CBJ","2021-22",0.494
"347","CBJ","2020-21",0.429
"348","CBJ","2019-20",0.579
"349","CBJ","2018-19",0.598
"350","CBJ","2017-18",0.591
"351","CBJ","2016-17",0.659
"352","CBJ","2015-16",0.463
"353","CBJ","2014-15",0.543
"354","CBJ","2013-14",0.567
"355","CBJ","2012-13",0.573
"356","CBJ","2011-12",0.396
"357","CBJ","2010-11",0.494
"358","CBJ","2009-10",0.482
"359","CBJ","2008-09",0.561
"360","CBJ","2007-08",0.488
"361","CBJ","2006-07",0.445
"362","CBJ","2005-06",0.451
"363","CBJ","2003-04",0.378
"364","CBJ","2002-03",0.421
"365","CBJ","2001-02",0.348
"366","CBJ","2000-01",0.433
"367","BOS","2023-24",0.688
"368","BOS","2022-23",0.823
"369","BOS","2021-22",0.652
"370","BOS","2020-21",0.652
"371","BOS","2019-20",0.714
"372","BOS","2018-19",0.652
"373","BOS","2017-18",0.683
"374","BOS","2016-17",0.579
"375","BOS","2015-16",0.567
"376","BOS","2014-15",0.585
"377","BOS","2013-14",0.713
"378","BOS","2012-13",0.646
"379","BOS","2011-12",0.622
"380","BOS","2010-11",0.628
"381","BOS","2009-10",0.555
"382","BOS","2008-09",0.707
"383","BOS","2007-08",0.573
"384","BOS","2006-07",0.463
"385","BOS","2005-06",0.451
"386","BOS","2003-04",0.634
"387","BOS","2002-03",0.53
"388","BOS","2001-02",0.616
"389","BOS","2000-01",0.537
"390","BOS","1999-00",0.445
"391","BOS","1998-99",0.555
"392","BOS","1997-98",0.555
"393","BOS","1996-97",0.372
"394","BOS","1995-96",0.555
"395","BOS","1994-95",0.594
"396","BOS","1993-94",0.577
"397","BOS","1992-93",0.649
"398","BOS","1991-92",0.525
"399","BOS","1990-91",0.625
"400","BOS","1989-90",0.631
"401","BOS","1988-89",0.55
"402","BOS","1987-88",0.588
"403","BOS","1986-87",0.531
"404","BOS","1985-86",0.538
"405","BOS","1984-85",0.513
"406","BOS","1983-84",0.65
"407","BOS","1982-83",0.688
"408","BOS","1981-82",0.6
"409","BOS","1980-81",0.544
"410","BOS","1979-80",0.656
"411","BOS","1978-79",0.625
"412","BOS","1977-78",0.706
"413","BOS","1976-77",0.663
"414","BOS","1975-76",0.706
"415","BOS","1974-75",0.588
"416","BOS","1973-74",0.724
"417","BOS","1972-73",0.686
"418","FLA","2023-24",0.691
"419","FLA","2022-23",0.561
"420","FLA","2021-22",0.744
"421","FLA","2020-21",0.705
"422","FLA","2019-20",0.565
"423","FLA","2018-19",0.524
"424","FLA","2017-18",0.585
"425","FLA","2016-17",0.494
"426","FLA","2015-16",0.628
"427","FLA","2014-15",0.555
"428","FLA","2013-14",0.402
"429","FLA","2012-13",0.375
"430","FLA","2011-12",0.573
"431","FLA","2010-11",0.439
"432","FLA","2009-10",0.47
"433","FLA","2008-09",0.567
"434","FLA","2007-08",0.518
"435","FLA","2006-07",0.524
"436","FLA","2005-06",0.518
"437","FLA","2003-04",0.457
"438","FLA","2002-03",0.427
"439","FLA","2001-02",0.366
"440","FLA","2000-01",0.402
"441","FLA","1999-00",0.598
"442","FLA","1998-99",0.476
"443","FLA","1997-98",0.384
"444","FLA","1996-97",0.543
"445","FLA","1995-96",0.561
"446","FLA","1994-95",0.479
"447","FLA","1993-94",0.494
"448","TOR","2023-24",0.644
"449","TOR","2022-23",0.677
"450","TOR","2021-22",0.701
"451","TOR","2020-21",0.688
"452","TOR","2019-20",0.579
"453","TOR","2018-19",0.61
"454","TOR","2017-18",0.64
"455","TOR","2016-17",0.579
"456","TOR","2015-16",0.421
"457","TOR","2014-15",0.415
"458","TOR","2013-14",0.512
"459","TOR","2012-13",0.594
"460","TOR","2011-12",0.488
"461","TOR","2010-11",0.518
"462","TOR","2009-10",0.451
"463","TOR","2008-09",0.494
"464","TOR","2007-08",0.506
"465","TOR","2006-07",0.555
"466","TOR","2005-06",0.549
"467","TOR","2003-04",0.628
"468","TOR","2002-03",0.598
"469","TOR","2001-02",0.61
"470","TOR","2000-01",0.549
"471","TOR","1999-00",0.61
"472","TOR","1998-99",0.591
"473","TOR","1997-98",0.421
"474","TOR","1996-97",0.415
"475","TOR","1995-96",0.488
"476","TOR","1994-95",0.521
"477","TOR","1993-94",0.583
"478","TOR","1992-93",0.589
"479","TOR","1991-92",0.419
"480","TOR","1990-91",0.356
"481","TOR","1989-90",0.5
"482","TOR","1988-89",0.388
"483","TOR","1987-88",0.325
"484","TOR","1986-87",0.438
"485","TOR","1985-86",0.356
"486","TOR","1984-85",0.3
"487","TOR","1983-84",0.381
"488","TOR","1982-83",0.425
"489","TOR","1981-82",0.35
"490","TOR","1980-81",0.444
"491","TOR","1979-80",0.469
"492","TOR","1978-79",0.506
"493","TOR","1977-78",0.575
"494","TOR","1976-77",0.506
"495","TOR","1975-76",0.519
"496","TOR","1974-75",0.488
"497","TOR","1973-74",0.551
"498","TOR","1972-73",0.41
"499","TBL","2023-24",0.582
"500","TBL","2022-23",0.598
"501","TBL","2021-22",0.671
"502","TBL","2020-21",0.67
"503","TBL","2019-20",0.657
"504","TBL","2018-19",0.78
"505","TBL","2017-18",0.689
"506","TBL","2016-17",0.573
"507","TBL","2015-16",0.591
"508","TBL","2014-15",0.659
"509","TBL","2013-14",0.616
"510","TBL","2012-13",0.417
"511","TBL","2011-12",0.512
"512","TBL","2010-11",0.628
"513","TBL","2009-10",0.488
"514","TBL","2008-09",0.402
"515","TBL","2007-08",0.433
"516","TBL","2006-07",0.567
"517","TBL","2005-06",0.561
"518","TBL","2003-04",0.646
"519","TBL","2002-03",0.567
"520","TBL","2001-02",0.421
"521","TBL","2000-01",0.36
"522","TBL","1999-00",0.329
"523","TBL","1998-99",0.287
"524","TBL","1997-98",0.268
"525","TBL","1996-97",0.451
"526","TBL","1995-96",0.537
"527","TBL","1994-95",0.385
"528","TBL","1993-94",0.423
"529","TBL","1992-93",0.315
"530","DET","2023-24",0.544
"531","DET","2022-23",0.488
"532","DET","2021-22",0.451
"533","DET","2020-21",0.429
"534","DET","2019-20",0.275
"535","DET","2018-19",0.451
"536","DET","2017-18",0.445
"537","DET","2016-17",0.482
"538","DET","2015-16",0.567
"539","DET","2014-15",0.61
"540","DET","2013-14",0.567
"541","DET","2012-13",0.583
"542","DET","2011-12",0.622
"543","DET","2010-11",0.634
"544","DET","2009-10",0.622
"545","DET","2008-09",0.683
"546","DET","2007-08",0.701
"547","DET","2006-07",0.689
"548","DET","2005-06",0.756
"549","DET","2003-04",0.665
"550","DET","2002-03",0.671
"551","DET","2001-02",0.707
"552","DET","2000-01",0.677
"553","DET","1999-00",0.659
"554","DET","1998-99",0.567
"555","DET","1997-98",0.628
"556","DET","1996-97",0.573
"557","DET","1995-96",0.799
"558","DET","1994-95",0.729
"559","DET","1993-94",0.595
"560","DET","1992-93",0.613
"561","DET","1991-92",0.613
"562","DET","1990-91",0.475
"563","DET","1989-90",0.438
"564","DET","1988-89",0.5
"565","DET","1987-88",0.581
"566","DET","1986-87",0.488
"567","DET","1985-86",0.25
"568","DET","1984-85",0.413
"569","DET","1983-84",0.431
"570","DET","1982-83",0.356
"571","DET","1981-82",0.338
"572","DET","1980-81",0.35
"573","DET","1979-80",0.394
"574","DET","1978-79",0.388
"575","DET","1977-78",0.488
"576","DET","1976-77",0.256
"577","DET","1975-76",0.388
"578","DET","1974-75",0.363
"579","DET","1973-74",0.436
"580","DET","1972-73",0.551
"581","BUF","2023-24",0.514
"582","BUF","2022-23",0.555
"583","BUF","2021-22",0.457
"584","BUF","2020-21",0.33
"585","BUF","2019-20",0.493
"586","BUF","2018-19",0.463
"587","BUF","2017-18",0.378
"588","BUF","2016-17",0.476
"589","BUF","2015-16",0.494
"590","BUF","2014-15",0.329
"591","BUF","2013-14",0.317
"592","BUF","2012-13",0.5
"593","BUF","2011-12",0.543
"594","BUF","2010-11",0.585
"595","BUF","2009-10",0.61
"596","BUF","2008-09",0.555
"597","BUF","2007-08",0.549
"598","BUF","2006-07",0.689
"599","BUF","2005-06",0.671
"600","BUF","2003-04",0.518
"601","BUF","2002-03",0.439
"602","BUF","2001-02",0.5
"603","BUF","2000-01",0.598
"604","BUF","1999-00",0.518
"605","BUF","1998-99",0.555
"606","BUF","1997-98",0.543
"607","BUF","1996-97",0.561
"608","BUF","1995-96",0.445
"609","BUF","1994-95",0.531
"610","BUF","1993-94",0.565
"611","BUF","1992-93",0.512
"612","BUF","1991-92",0.463
"613","BUF","1990-91",0.506
"614","BUF","1989-90",0.613
"615","BUF","1988-89",0.519
"616","BUF","1987-88",0.531
"617","BUF","1986-87",0.4
"618","BUF","1985-86",0.5
"619","BUF","1984-85",0.563
"620","BUF","1983-84",0.644
"621","BUF","1982-83",0.556
"622","BUF","1981-82",0.581
"623","BUF","1980-81",0.619
"624","BUF","1979-80",0.688
"625","BUF","1978-79",0.55
"626","BUF","1977-78",0.656
"627","BUF","1976-77",0.65
"628","BUF","1975-76",0.656
"629","BUF","1974-75",0.706
"630","BUF","1973-74",0.487
"631","BUF","1972-73",0.564
"632","BUF","1971-72",0.327
"633","MTL","2023-24",0.455
"634","MTL","2022-23",0.415
"635","MTL","2021-22",0.335
"636","MTL","2020-21",0.527
"637","MTL","2019-20",0.5
"638","MTL","2018-19",0.585
"639","MTL","2017-18",0.433
"640","MTL","2016-17",0.628
"641","MTL","2015-16",0.5
"642","MTL","2014-15",0.671
"643","MTL","2013-14",0.61
"644","MTL","2012-13",0.656
"645","MTL","2011-12",0.476
"646","MTL","2010-11",0.585
"647","MTL","2009-10",0.537
"648","MTL","2008-09",0.567
"649","MTL","2007-08",0.634
"650","MTL","2006-07",0.549
"651","MTL","2005-06",0.567
"652","MTL","2003-04",0.567
"653","MTL","2002-03",0.47
"654","MTL","2001-02",0.53
"655","MTL","2000-01",0.427
"656","MTL","1999-00",0.506
"657","MTL","1998-99",0.457
"658","MTL","1997-98",0.53
"659","MTL","1996-97",0.47
"660","MTL","1995-96",0.549
"661","MTL","1994-95",0.448
"662","MTL","1993-94",0.571
"663","MTL","1992-93",0.607
"664","MTL","1991-92",0.581
"665","MTL","1990-91",0.556
"666","MTL","1989-90",0.581
"667","MTL","1988-89",0.719
"668","MTL","1987-88",0.644
"669","MTL","1986-87",0.575
"670","MTL","1985-86",0.544
"671","MTL","1984-85",0.588
"672","MTL","1983-84",0.469
"673","MTL","1982-83",0.613
"674","MTL","1981-82",0.681
"675","MTL","1980-81",0.644
"676","MTL","1979-80",0.669
"677","MTL","1978-79",0.719
"678","MTL","1977-78",0.806
"679","MTL","1976-77",0.825
"680","MTL","1975-76",0.794
"681","MTL","1974-75",0.706
"682","MTL","1973-74",0.635
"683","MTL","1972-73",0.769
"684","MTL","1971-72",0.692
"685","OTT","2023-24",0.455
"686","OTT","2022-23",0.524
"687","OTT","2021-22",0.445
"688","OTT","2020-21",0.455
"689","OTT","2019-20",0.437
"690","OTT","2018-19",0.39
"691","OTT","2017-18",0.409
"692","OTT","2016-17",0.598
"693","OTT","2015-16",0.518
"694","OTT","2014-15",0.604
"695","OTT","2013-14",0.537
"696","OTT","2012-13",0.583
"697","OTT","2011-12",0.561
"698","OTT","2010-11",0.451
"699","OTT","2009-10",0.573
"700","OTT","2008-09",0.506
"701","OTT","2007-08",0.573
"702","OTT","2006-07",0.64
"703","OTT","2005-06",0.689
"704","OTT","2003-04",0.622
"705","OTT","2002-03",0.689
"706","OTT","2001-02",0.573
"707","OTT","2000-01",0.665
"708","OTT","1999-00",0.579
"709","OTT","1998-99",0.628
"710","OTT","1997-98",0.506
"711","OTT","1996-97",0.47
"712","OTT","1995-96",0.25
"713","OTT","1994-95",0.24
"714","OTT","1993-94",0.22
"715","OTT","1992-93",0.143
"716","DAL","2023-24",0.678
"717","DAL","2022-23",0.659
"718","DAL","2021-22",0.598
"719","DAL","2020-21",0.536
"720","DAL","2019-20",0.594
"721","DAL","2018-19",0.567
"722","DAL","2017-18",0.561
"723","DAL","2016-17",0.482
"724","DAL","2015-16",0.665
"725","DAL","2014-15",0.561
"726","DAL","2013-14",0.555
"727","DAL","2012-13",0.5
"728","DAL","2011-12",0.543
"729","DAL","2010-11",0.579
"730","DAL","2009-10",0.537
"731","DAL","2008-09",0.506
"732","DAL","2007-08",0.591
"733","DAL","2006-07",0.652
"734","DAL","2005-06",0.683
"735","DAL","2003-04",0.591
"736","DAL","2002-03",0.677
"737","DAL","2001-02",0.549
"738","DAL","2000-01",0.646
"739","DAL","1999-00",0.622
"740","DAL","1998-99",0.695
"741","DAL","1997-98",0.665
"742","DAL","1996-97",0.634
"743","DAL","1995-96",0.402
"744","DAL","1994-95",0.438
"745","DAL","1993-94",0.577
"746",NA,"1992-93",0.488
"747",NA,"1991-92",0.438
"748",NA,"1990-91",0.425
"749",NA,"1989-90",0.475
"750",NA,"1988-89",0.438
"751",NA,"1987-88",0.319
"752",NA,"1986-87",0.438
"753",NA,"1985-86",0.531
"754",NA,"1984-85",0.388
"755",NA,"1983-84",0.55
"756",NA,"1982-83",0.6
"757",NA,"1981-82",0.588
"758",NA,"1980-81",0.544
"759",NA,"1979-80",0.55
"760",NA,"1978-79",0.425
"761",NA,"1977-78",0.281
"762",NA,"1976-77",0.4
"763",NA,"1975-76",0.294
"764",NA,"1974-75",0.331
"765",NA,"1973-74",0.404
"766",NA,"1972-73",0.545
"767","COL","2023-24",0.674
"768","COL","2022-23",0.665
"769","COL","2021-22",0.726
"770","COL","2020-21",0.732
"771","COL","2019-20",0.657
"772","COL","2018-19",0.549
"773","COL","2017-18",0.579
"774","COL","2016-17",0.293
"775","COL","2015-16",0.5
"776","COL","2014-15",0.549
"777","COL","2013-14",0.683
"778","COL","2012-13",0.406
"779","COL","2011-12",0.537
"780","COL","2010-11",0.415
"781","COL","2009-10",0.579
"782","COL","2008-09",0.421
"783","COL","2007-08",0.579
"784","COL","2006-07",0.579
"785","COL","2005-06",0.579
"786","COL","2003-04",0.61
"787","COL","2002-03",0.64
"788","COL","2001-02",0.604
"789","COL","2000-01",0.72
"790","COL","1999-00",0.585
"791","COL","1998-99",0.598
"792","COL","1997-98",0.579
"793","COL","1996-97",0.652
"794","COL","1995-96",0.634
"795",NA,"1994-95",0.677
"796",NA,"1993-94",0.452
"797",NA,"1992-93",0.619
"798",NA,"1991-92",0.325
"799",NA,"1990-91",0.288
"800",NA,"1989-90",0.194
"801",NA,"1988-89",0.381
"802",NA,"1987-88",0.431
"803",NA,"1986-87",0.45
"804",NA,"1985-86",0.575
"805",NA,"1984-85",0.569
"806",NA,"1983-84",0.588
"807",NA,"1982-83",0.5
"808",NA,"1981-82",0.513
"809",NA,"1980-81",0.488
"810",NA,"1979-80",0.381
"811","WPG","2023-24",0.653
"812","WPG","2022-23",0.579
"813","WPG","2021-22",0.543
"814","WPG","2020-21",0.563
"815","WPG","2019-20",0.563
"816","WPG","2018-19",0.604
"817","WPG","2017-18",0.695
"818","WPG","2016-17",0.53
"819","WPG","2015-16",0.476
"820","WPG","2014-15",0.604
"821","WPG","2013-14",0.512
"822","WPG","2012-13",0.531
"823","WPG","2011-12",0.512
"824",NA,"2010-11",0.488
"825",NA,"2009-10",0.506
"826",NA,"2008-09",0.463
"827",NA,"2007-08",0.463
"828",NA,"2006-07",0.591
"829",NA,"2005-06",0.549
"830",NA,"2003-04",0.476
"831",NA,"2002-03",0.451
"832",NA,"2001-02",0.329
"833",NA,"2000-01",0.366
"834",NA,"1999-00",0.238
"835","NSH","2023-24",0.625
"836","NSH","2022-23",0.561
"837","NSH","2021-22",0.591
"838","NSH","2020-21",0.571
"839","NSH","2019-20",0.565
"840","NSH","2018-19",0.61
"841","NSH","2017-18",0.713
"842","NSH","2016-17",0.573
"843","NSH","2015-16",0.585
"844","NSH","2014-15",0.634
"845","NSH","2013-14",0.537
"846","NSH","2012-13",0.427
"847","NSH","2011-12",0.634
"848","NSH","2010-11",0.604
"849","NSH","2009-10",0.61
"850","NSH","2008-09",0.537
"851","NSH","2007-08",0.555
"852","NSH","2006-07",0.671
"853","NSH","2005-06",0.646
"854","NSH","2003-04",0.555
"855","NSH","2002-03",0.451
"856","NSH","2001-02",0.421
"857","NSH","2000-01",0.488
"858","NSH","1999-00",0.427
"859","NSH","1998-99",0.384
"860","STL","2023-24",0.556
"861","STL","2022-23",0.494
"862","STL","2021-22",0.665
"863","STL","2020-21",0.563
"864","STL","2019-20",0.662
"865","STL","2018-19",0.604
"866","STL","2017-18",0.573
"867","STL","2016-17",0.604
"868","STL","2015-16",0.652
"869","STL","2014-15",0.665
"870","STL","2013-14",0.677
"871","STL","2012-13",0.625
"872","STL","2011-12",0.665
"873","STL","2010-11",0.53
"874","STL","2009-10",0.549
"875","STL","2008-09",0.561
"876","STL","2007-08",0.482
"877","STL","2006-07",0.494
"878","STL","2005-06",0.348
"879","STL","2003-04",0.555
"880","STL","2002-03",0.604
"881","STL","2001-02",0.598
"882","STL","2000-01",0.628
"883","STL","1999-00",0.695
"884","STL","1998-99",0.53
"885","STL","1997-98",0.598
"886","STL","1996-97",0.506
"887","STL","1995-96",0.488
"888","STL","1994-95",0.635
"889","STL","1993-94",0.542
"890","STL","1992-93",0.506
"891","STL","1991-92",0.519
"892","STL","1990-91",0.656
"893","STL","1989-90",0.519
"894","STL","1988-89",0.488
"895","STL","1987-88",0.475
"896","STL","1986-87",0.494
"897","STL","1985-86",0.519
"898","STL","1984-85",0.538
"899","STL","1983-84",0.444
"900","STL","1982-83",0.406
"901","STL","1981-82",0.45
"902","STL","1980-81",0.669
"903","STL","1979-80",0.5
"904","STL","1978-79",0.3
"905","STL","1977-78",0.331
"906","STL","1976-77",0.456
"907","STL","1975-76",0.45
"908","STL","1974-75",0.525
"909","STL","1973-74",0.41
"910","STL","1972-73",0.487
"911","MIN","2023-24",0.542
"912","MIN","2022-23",0.628
"913","MIN","2021-22",0.689
"914","MIN","2020-21",0.67
"915","MIN","2019-20",0.558
"916","MIN","2018-19",0.506
"917","MIN","2017-18",0.616
"918","MIN","2016-17",0.646
"919","MIN","2015-16",0.53
"920","MIN","2014-15",0.61
"921","MIN","2013-14",0.598
"922","MIN","2012-13",0.573
"923","MIN","2011-12",0.494
"924","MIN","2010-11",0.524
"925","MIN","2009-10",0.512
"926","MIN","2008-09",0.543
"927","MIN","2007-08",0.598
"928","MIN","2006-07",0.634
"929","MIN","2005-06",0.512
"930","MIN","2003-04",0.506
"931","MIN","2002-03",0.579
"932","MIN","2001-02",0.445
"933","MIN","2000-01",0.415
"934","ARZ","2023-24",0.451
"935","ARZ","2022-23",0.427
"936","ARZ","2021-22",0.348
"937","ARZ","2020-21",0.482
"938","ARZ","2019-20",0.529
"939","ARZ","2018-19",0.524
"940","ARZ","2017-18",0.427
"941","ARZ","2016-17",0.427
"942","ARZ","2015-16",0.476
"943","ARZ","2014-15",0.341
"944",NA,"2013-14",0.543
"945",NA,"2012-13",0.531
"946",NA,"2011-12",0.591
"947",NA,"2010-11",0.604
"948",NA,"2009-10",0.652
"949",NA,"2008-09",0.482
"950",NA,"2007-08",0.506
"951",NA,"2006-07",0.409
"952",NA,"2005-06",0.494
"953",NA,"2003-04",0.415
"954",NA,"2002-03",0.476
"955",NA,"2001-02",0.579
"956",NA,"2000-01",0.549
"957",NA,"1999-00",0.549
"958",NA,"1998-99",0.549
"959",NA,"1997-98",0.5
"960",NA,"1996-97",0.506
"961","WPG","1995-96",0.476
"962","WPG","1994-95",0.406
"963","WPG","1993-94",0.339
"964","WPG","1992-93",0.518
"965","WPG","1991-92",0.506
"966","WPG","1990-91",0.394
"967","WPG","1989-90",0.531
"968","WPG","1988-89",0.4
"969","WPG","1987-88",0.481
"970","WPG","1986-87",0.55
"971","WPG","1985-86",0.369
"972","WPG","1984-85",0.6
"973","WPG","1983-84",0.456
"974","WPG","1982-83",0.463
"975","WPG","1981-82",0.5
"976","WPG","1980-81",0.2
"977","WPG","1979-80",0.319
"978","CHI","2023-24",0.326
"979","CHI","2022-23",0.36
"980","CHI","2021-22",0.415
"981","CHI","2020-21",0.491
"982","CHI","2019-20",0.514
"983","CHI","2018-19",0.512
"984","CHI","2017-18",0.463
"985","CHI","2016-17",0.665
"986","CHI","2015-16",0.628
"987","CHI","2014-15",0.622
"988","CHI","2013-14",0.652
"989","CHI","2012-13",0.802
"990","CHI","2011-12",0.616
"991","CHI","2010-11",0.591
"992","CHI","2009-10",0.683
"993","CHI","2008-09",0.634
"994","CHI","2007-08",0.537
"995","CHI","2006-07",0.433
"996","CHI","2005-06",0.396
"997","CHI","2003-04",0.36
"998","CHI","2002-03",0.482
"999","CHI","2001-02",0.585
"1000","CHI","2000-01",0.433
"1001","CHI","1999-00",0.476
"1002","CHI","1998-99",0.427
"1003","CHI","1997-98",0.445
"1004","CHI","1996-97",0.494
"1005","CHI","1995-96",0.573
"1006","CHI","1994-95",0.552
"1007","CHI","1993-94",0.518
"1008","CHI","1992-93",0.631
"1009","CHI","1991-92",0.544
"1010","CHI","1990-91",0.663
"1011","CHI","1989-90",0.55
"1012","CHI","1988-89",0.413
"1013","CHI","1987-88",0.431
"1014","CHI","1986-87",0.45
"1015","CHI","1985-86",0.538
"1016","CHI","1984-85",0.519
"1017","CHI","1983-84",0.425
"1018","CHI","1982-83",0.65
"1019","CHI","1981-82",0.45
"1020","CHI","1980-81",0.488
"1021","CHI","1979-80",0.544
"1022","CHI","1978-79",0.456
"1023","CHI","1977-78",0.519
"1024","CHI","1976-77",0.394
"1025","CHI","1975-76",0.513
"1026","CHI","1974-75",0.513
"1027","CHI","1973-74",0.673
"1028","CHI","1972-73",0.596
"1029","VAN","2023-24",0.681
"1030","VAN","2022-23",0.506
"1031","VAN","2021-22",0.561
"1032","VAN","2020-21",0.446
"1033","VAN","2019-20",0.565
"1034","VAN","2018-19",0.494
"1035","VAN","2017-18",0.445
"1036","VAN","2016-17",0.421
"1037","VAN","2015-16",0.457
"1038","VAN","2014-15",0.616
"1039","VAN","2013-14",0.506
"1040","VAN","2012-13",0.615
"1041","VAN","2011-12",0.677
"1042","VAN","2010-11",0.713
"1043","VAN","2009-10",0.628
"1044","VAN","2008-09",0.61
"1045","VAN","2007-08",0.537
"1046","VAN","2006-07",0.64
"1047","VAN","2005-06",0.561
"1048","VAN","2003-04",0.616
"1049","VAN","2002-03",0.634
"1050","VAN","2001-02",0.573
"1051","VAN","2000-01",0.549
"1052","VAN","1999-00",0.506
"1053","VAN","1998-99",0.354
"1054","VAN","1997-98",0.39
"1055","VAN","1996-97",0.47
"1056","VAN","1995-96",0.482
"1057","VAN","1994-95",0.5
"1058","VAN","1993-94",0.506
"1059","VAN","1992-93",0.601
"1060","VAN","1991-92",0.6
"1061","VAN","1990-91",0.406
"1062","VAN","1989-90",0.4
"1063","VAN","1988-89",0.463
"1064","VAN","1987-88",0.369
"1065","VAN","1986-87",0.413
"1066","VAN","1985-86",0.369
"1067","VAN","1984-85",0.369
"1068","VAN","1983-84",0.456
"1069","VAN","1982-83",0.469
"1070","VAN","1981-82",0.481
"1071","VAN","1980-81",0.475
"1072","VAN","1979-80",0.438
"1073","VAN","1978-79",0.394
"1074","VAN","1977-78",0.356
"1075","VAN","1976-77",0.394
"1076","VAN","1975-76",0.506
"1077","VAN","1974-75",0.538
"1078","VAN","1973-74",0.378
"1079","VAN","1972-73",0.34
"1080","EDM","2023-24",0.643
"1081","EDM","2022-23",0.665
"1082","EDM","2021-22",0.634
"1083","EDM","2020-21",0.643
"1084","EDM","2019-20",0.585
"1085","EDM","2018-19",0.482
"1086","EDM","2017-18",0.476
"1087","EDM","2016-17",0.628
"1088","EDM","2015-16",0.427
"1089","EDM","2014-15",0.378
"1090","EDM","2013-14",0.409
"1091","EDM","2012-13",0.469
"1092","EDM","2011-12",0.451
"1093","EDM","2010-11",0.378
"1094","EDM","2009-10",0.378
"1095","EDM","2008-09",0.518
"1096","EDM","2007-08",0.537
"1097","EDM","2006-07",0.433
"1098","EDM","2005-06",0.579
"1099","EDM","2003-04",0.543
"1100","EDM","2002-03",0.561
"1101","EDM","2001-02",0.561
"1102","EDM","2000-01",0.567
"1103","EDM","1999-00",0.537
"1104","EDM","1998-99",0.476
"1105","EDM","1997-98",0.488
"1106","EDM","1996-97",0.494
"1107","EDM","1995-96",0.415
"1108","EDM","1994-95",0.396
"1109","EDM","1993-94",0.381
"1110","EDM","1992-93",0.357
"1111","EDM","1991-92",0.513
"1112","EDM","1990-91",0.5
"1113","EDM","1989-90",0.563
"1114","EDM","1988-89",0.525
"1115","EDM","1987-88",0.619
"1116","EDM","1986-87",0.663
"1117","EDM","1985-86",0.744
"1118","EDM","1984-85",0.681
"1119","EDM","1983-84",0.744
"1120","EDM","1982-83",0.663
"1121","EDM","1981-82",0.694
"1122","EDM","1980-81",0.463
"1123","EDM","1979-80",0.431
"1124","LAK","2023-24",0.613
"1125","LAK","2022-23",0.634
"1126","LAK","2021-22",0.604
"1127","LAK","2020-21",0.438
"1128","LAK","2019-20",0.457
"1129","LAK","2018-19",0.433
"1130","LAK","2017-18",0.598
"1131","LAK","2016-17",0.524
"1132","LAK","2015-16",0.622
"1133","LAK","2014-15",0.579
"1134","LAK","2013-14",0.61
"1135","LAK","2012-13",0.615
"1136","LAK","2011-12",0.579
"1137","LAK","2010-11",0.598
"1138","LAK","2009-10",0.616
"1139","LAK","2008-09",0.482
"1140","LAK","2007-08",0.433
"1141","LAK","2006-07",0.415
"1142","LAK","2005-06",0.543
"1143","LAK","2003-04",0.494
"1144","LAK","2002-03",0.482
"1145","LAK","2001-02",0.579
"1146","LAK","2000-01",0.561
"1147","LAK","1999-00",0.573
"1148","LAK","1998-99",0.421
"1149","LAK","1997-98",0.53
"1150","LAK","1996-97",0.409
"1151","LAK","1995-96",0.402
"1152","LAK","1994-95",0.427
"1153","LAK","1993-94",0.393
"1154","LAK","1992-93",0.524
"1155","LAK","1991-92",0.525
"1156","LAK","1990-91",0.638
"1157","LAK","1989-90",0.469
"1158","LAK","1988-89",0.569
"1159","LAK","1987-88",0.425
"1160","LAK","1986-87",0.438
"1161","LAK","1985-86",0.338
"1162","LAK","1984-85",0.513
"1163","LAK","1983-84",0.369
"1164","LAK","1982-83",0.413
"1165","LAK","1981-82",0.394
"1166","LAK","1980-81",0.619
"1167","LAK","1979-80",0.463
"1168","LAK","1978-79",0.5
"1169","LAK","1977-78",0.481
"1170","LAK","1976-77",0.519
"1171","LAK","1975-76",0.531
"1172","LAK","1974-75",0.656
"1173","LAK","1973-74",0.5
"1174","LAK","1972-73",0.468
"1175","VGK","2023-24",0.597
"1176","VGK","2022-23",0.677
"1177","VGK","2021-22",0.573
"1178","VGK","2020-21",0.732
"1179","VGK","2019-20",0.606
"1180","VGK","2018-19",0.567
"1181","VGK","2017-18",0.665
"1182","SEA","2023-24",0.5
"1183","SEA","2022-23",0.61
"1184","SEA","2021-22",0.366
"1185","CGY","2023-24",0.5
"1186","CGY","2022-23",0.567
"1187","CGY","2021-22",0.677
"1188","CGY","2020-21",0.491
"1189","CGY","2019-20",0.564
"1190","CGY","2018-19",0.652
"1191","CGY","2017-18",0.512
"1192","CGY","2016-17",0.573
"1193","CGY","2015-16",0.47
"1194","CGY","2014-15",0.591
"1195","CGY","2013-14",0.47
"1196","CGY","2012-13",0.438
"1197","CGY","2011-12",0.549
"1198","CGY","2010-11",0.573
"1199","CGY","2009-10",0.549
"1200","CGY","2008-09",0.598
"1201","CGY","2007-08",0.573
"1202","CGY","2006-07",0.585
"1203","CGY","2005-06",0.628
"1204","CGY","2003-04",0.573
"1205","CGY","2002-03",0.457
"1206","CGY","2001-02",0.482
"1207","CGY","2000-01",0.445
"1208","CGY","1999-00",0.47
"1209","CGY","1998-99",0.439
"1210","CGY","1997-98",0.409
"1211","CGY","1996-97",0.445
"1212","CGY","1995-96",0.482
"1213","CGY","1994-95",0.573
"1214","CGY","1993-94",0.577
"1215","CGY","1992-93",0.577
"1216","CGY","1991-92",0.463
"1217","CGY","1990-91",0.625
"1218","CGY","1989-90",0.619
"1219","CGY","1988-89",0.731
"1220","CGY","1987-88",0.656
"1221","CGY","1986-87",0.594
"1222","CGY","1985-86",0.556
"1223","CGY","1984-85",0.588
"1224","CGY","1983-84",0.513
"1225","CGY","1982-83",0.488
"1226","CGY","1981-82",0.469
"1227","CGY","1980-81",0.575
"1228",NA,"1979-80",0.519
"1229",NA,"1978-79",0.563
"1230",NA,"1977-78",0.544
"1231",NA,"1976-77",0.5
"1232",NA,"1975-76",0.513
"1233",NA,"1974-75",0.519
"1234",NA,"1973-74",0.474
"1235",NA,"1972-73",0.417
"1236","ANA","2023-24",0.361
"1237","ANA","2022-23",0.354
"1238","ANA","2021-22",0.463
"1239","ANA","2020-21",0.384
"1240","ANA","2019-20",0.472
"1241","ANA","2018-19",0.488
"1242","ANA","2017-18",0.616
"1243","ANA","2016-17",0.64
"1244","ANA","2015-16",0.628
"1245","ANA","2014-15",0.665
"1246","ANA","2013-14",0.707
"1247","ANA","2012-13",0.688
"1248","ANA","2011-12",0.488
"1249","ANA","2010-11",0.604
"1250","ANA","2009-10",0.543
"1251","ANA","2008-09",0.555
"1252","ANA","2007-08",0.622
"1253","ANA","2006-07",0.671
"1254",NA,"2005-06",0.598
"1255",NA,"2003-04",0.463
"1256",NA,"2002-03",0.579
"1257",NA,"2001-02",0.421
"1258",NA,"2000-01",0.402
"1259",NA,"1999-00",0.506
"1260",NA,"1998-99",0.506
"1261",NA,"1997-98",0.396
"1262",NA,"1996-97",0.518
"1263",NA,"1995-96",0.476
"1264",NA,"1994-95",0.385
"1265",NA,"1993-94",0.423
"1266","SJS","2023-24",0.282
"1267","SJS","2022-23",0.366
"1268","SJS","2021-22",0.47
"1269","SJS","2020-21",0.438
"1270","SJS","2019-20",0.45
"1271","SJS","2018-19",0.616
"1272","SJS","2017-18",0.61
"1273","SJS","2016-17",0.604
"1274","SJS","2015-16",0.598
"1275","SJS","2014-15",0.543
"1276","SJS","2013-14",0.677
"1277","SJS","2012-13",0.594
"1278","SJS","2011-12",0.585
"1279","SJS","2010-11",0.64
"1280","SJS","2009-10",0.689
"1281","SJS","2008-09",0.713
"1282","SJS","2007-08",0.659
"1283","SJS","2006-07",0.652
"1284","SJS","2005-06",0.604
"1285","SJS","2003-04",0.634
"1286","SJS","2002-03",0.445
"1287","SJS","2001-02",0.604
"1288","SJS","2000-01",0.579
"1289","SJS","1999-00",0.53
"1290","SJS","1998-99",0.488
"1291","SJS","1997-98",0.476
"1292","SJS","1996-97",0.378
"1293","SJS","1995-96",0.287
"1294","SJS","1994-95",0.438
"1295","SJS","1993-94",0.488
"1296","SJS","1992-93",0.143
"1297","SJS","1991-92",0.244
